{
    "energy_0": {
        "MAE": 7.517538070678711,
        "RMSE": 8.040897369384766,
        "pearson_r": 0.9922364354133606,
        "R2": 0.8710355162620544
    },
    "energy_1": {
        "MAE": 7.5852508544921875,
        "RMSE": 8.407665252685547,
        "pearson_r": 0.9462281465530396,
        "R2": 0.6713676452636719
    },
    "energy_2": {
        "MAE": 3.221712112426758,
        "RMSE": 4.780823707580566,
        "pearson_r": 0.9887392520904541,
        "R2": 0.9588314890861511
    },
    "energy_0_grad": {
        "MAE": 6.129148006439209,
        "RMSE": 11.453636169433594,
        "pearson_r": 0.978015661239624,
        "R2": 0.9520549178123474
    },
    "energy_1_grad": {
        "MAE": 12.06045913696289,
        "RMSE": 20.880308151245117,
        "pearson_r": 0.9226513504981995,
        "R2": 0.8503764271736145
    },
    "energy_2_grad": {
        "MAE": 14.037968635559082,
        "RMSE": 27.074024200439453,
        "pearson_r": 0.975064754486084,
        "R2": 0.9490764737129211
    },
    "delta_energy_1_energy_0": {
        "MAE": 14.572314262390137,
        "RMSE": 15.954484939575195,
        "pearson_r": 0.9234907627105713,
        "R2": 0.22920328378677368
    },
    "delta_energy_2_energy_1": {
        "MAE": 7.721053600311279,
        "RMSE": 8.758615493774414,
        "pearson_r": 0.9248006939888,
        "R2": 0.7598330974578857
    },
    "energy": {
        "MAE": 6.108166694641113,
        "RMSE": 7.26179838180542,
        "pearson_r": 0.9986391067504883,
        "R2": 0.9942793846130371
    },
    "energy_grad": {
        "MAE": 10.742526054382324,
        "RMSE": 20.81806755065918,
        "pearson_r": 0.9671313166618347,
        "R2": 0.9351347088813782
    },
    "delta_energy": {
        "MAE": 11.146683692932129,
        "RMSE": 12.869710922241211,
        "pearson_r": 0.9955364465713501,
        "R2": 0.9702476859092712
    }
}