{
    "energy_0": {
        "MAE": 4.386444091796875,
        "RMSE": 4.950939178466797,
        "pearson_r": 0.9961250424385071,
        "R2": 0.9511082172393799
    },
    "energy_1": {
        "MAE": 4.630130767822266,
        "RMSE": 5.7235236167907715,
        "pearson_r": 0.9644352793693542,
        "R2": 0.8477047085762024
    },
    "energy_2": {
        "MAE": 3.003598928451538,
        "RMSE": 4.225306510925293,
        "pearson_r": 0.9850810170173645,
        "R2": 0.9678429365158081
    },
    "energy_0_grad": {
        "MAE": 5.692975997924805,
        "RMSE": 10.630400657653809,
        "pearson_r": 0.983808159828186,
        "R2": 0.9586994051933289
    },
    "energy_1_grad": {
        "MAE": 10.992597579956055,
        "RMSE": 21.80900764465332,
        "pearson_r": 0.9147618412971497,
        "R2": 0.8367707133293152
    },
    "energy_2_grad": {
        "MAE": 14.363262176513672,
        "RMSE": 29.741403579711914,
        "pearson_r": 0.9687906503677368,
        "R2": 0.9385480284690857
    },
    "delta_energy_1_energy_0": {
        "MAE": 8.660578727722168,
        "RMSE": 10.152015686035156,
        "pearson_r": 0.9531428217887878,
        "R2": 0.6879106760025024
    },
    "delta_energy_2_energy_1": {
        "MAE": 6.556520938873291,
        "RMSE": 7.951457977294922,
        "pearson_r": 0.9464675784111023,
        "R2": 0.8020589351654053
    },
    "energy": {
        "MAE": 4.006724834442139,
        "RMSE": 5.004122734069824,
        "pearson_r": 0.9989480376243591,
        "R2": 0.9972835183143616
    },
    "energy_grad": {
        "MAE": 10.349611282348633,
        "RMSE": 22.159944534301758,
        "pearson_r": 0.962699294090271,
        "R2": 0.9265031218528748
    },
    "delta_energy": {
        "MAE": 7.608550071716309,
        "RMSE": 9.118363380432129,
        "pearson_r": 0.9968863725662231,
        "R2": 0.9850646257400513
    }
}