{
    "energy_0": {
        "MAE": 7.476509094238281,
        "RMSE": 7.971983909606934,
        "pearson_r": 0.9932546019554138,
        "R2": 0.8732365965843201
    },
    "energy_1": {
        "MAE": 4.406365871429443,
        "RMSE": 5.166613578796387,
        "pearson_r": 0.952929675579071,
        "R2": 0.8759000897407532
    },
    "energy_2": {
        "MAE": 3.2716996669769287,
        "RMSE": 4.51923942565918,
        "pearson_r": 0.9838022589683533,
        "R2": 0.963213324546814
    },
    "energy_0_grad": {
        "MAE": 5.821932315826416,
        "RMSE": 10.474480628967285,
        "pearson_r": 0.9826566576957703,
        "R2": 0.9599020481109619
    },
    "energy_1_grad": {
        "MAE": 10.734726905822754,
        "RMSE": 20.433202743530273,
        "pearson_r": 0.9258124232292175,
        "R2": 0.8567155003547668
    },
    "energy_2_grad": {
        "MAE": 12.673771858215332,
        "RMSE": 25.549861907958984,
        "pearson_r": 0.9779332280158997,
        "R2": 0.9546486735343933
    },
    "delta_energy_1_energy_0": {
        "MAE": 10.519716262817383,
        "RMSE": 12.01582145690918,
        "pearson_r": 0.9341338872909546,
        "R2": 0.5627989172935486
    },
    "delta_energy_2_energy_1": {
        "MAE": 6.508524417877197,
        "RMSE": 7.6103291511535645,
        "pearson_r": 0.9270758628845215,
        "R2": 0.8186785578727722
    },
    "energy": {
        "MAE": 5.051524639129639,
        "RMSE": 6.073712348937988,
        "pearson_r": 0.9989887475967407,
        "R2": 0.9959981441497803
    },
    "energy_grad": {
        "MAE": 9.743476867675781,
        "RMSE": 19.832849502563477,
        "pearson_r": 0.970335841178894,
        "R2": 0.9411289095878601
    },
    "delta_energy": {
        "MAE": 8.514121055603027,
        "RMSE": 10.057262420654297,
        "pearson_r": 0.9958890676498413,
        "R2": 0.9818305373191833
    }
}